wishlist_id,product_id
04c05942-5f1f-4000-a8d3-32d40bde1da2,431
04c05942-5f1f-4000-a8d3-32d40bde1da2,1105
04c05942-5f1f-4000-a8d3-32d40bde1da2,48
86452cf6-7561-4f58-a1d9-735fc6f49881,1559
86452cf6-7561-4f58-a1d9-735fc6f49881,1624
86452cf6-7561-4f58-a1d9-735fc6f49881,1178
86452cf6-7561-4f58-a1d9-735fc6f49881,191
86452cf6-7561-4f58-a1d9-735fc6f49881,700
86452cf6-7561-4f58-a1d9-735fc6f49881,1728
86452cf6-7561-4f58-a1d9-735fc6f49881,1430
86452cf6-7561-4f58-a1d9-735fc6f49881,703
86452cf6-7561-4f58-a1d9-735fc6f49881,375
b168798a-46f5-420f-a09b-b80ccc1b334f,569
b168798a-46f5-420f-a09b-b80ccc1b334f,63
c13e7303-1f66-42cb-bba0-71a6d35238ba,1369
c13e7303-1f66-42cb-bba0-71a6d35238ba,249
c13e7303-1f66-42cb-bba0-71a6d35238ba,1391
3697e74c-cd26-4834-8a1c-347e53b7daa4,955
3697e74c-cd26-4834-8a1c-347e53b7daa4,972
3697e74c-cd26-4834-8a1c-347e53b7daa4,497
3697e74c-cd26-4834-8a1c-347e53b7daa4,1372
3697e74c-cd26-4834-8a1c-347e53b7daa4,767
3697e74c-cd26-4834-8a1c-347e53b7daa4,1578
b6a3654e-f7e7-42f0-8538-3d9efdbc27eb,948
b6a3654e-f7e7-42f0-8538-3d9efdbc27eb,1418
b6a3654e-f7e7-42f0-8538-3d9efdbc27eb,1831
b6a3654e-f7e7-42f0-8538-3d9efdbc27eb,1654
b6a3654e-f7e7-42f0-8538-3d9efdbc27eb,1615
b6a3654e-f7e7-42f0-8538-3d9efdbc27eb,1332
4e3e53a0-1531-4cc2-ae65-73da92a7d50a,1825
4e3e53a0-1531-4cc2-ae65-73da92a7d50a,939
4e3e53a0-1531-4cc2-ae65-73da92a7d50a,1053
4e3e53a0-1531-4cc2-ae65-73da92a7d50a,1528
4e3e53a0-1531-4cc2-ae65-73da92a7d50a,1068
4e3e53a0-1531-4cc2-ae65-73da92a7d50a,647
4e3e53a0-1531-4cc2-ae65-73da92a7d50a,1079
4e3e53a0-1531-4cc2-ae65-73da92a7d50a,344
4e3e53a0-1531-4cc2-ae65-73da92a7d50a,42
4e3e53a0-1531-4cc2-ae65-73da92a7d50a,778
65b125ff-a548-4875-8106-6331ccb50ce9,1566
65b125ff-a548-4875-8106-6331ccb50ce9,591
65b125ff-a548-4875-8106-6331ccb50ce9,517
65b125ff-a548-4875-8106-6331ccb50ce9,1298
65b125ff-a548-4875-8106-6331ccb50ce9,1894
65b125ff-a548-4875-8106-6331ccb50ce9,1006
65b125ff-a548-4875-8106-6331ccb50ce9,455
65b125ff-a548-4875-8106-6331ccb50ce9,951
65b125ff-a548-4875-8106-6331ccb50ce9,725
65b125ff-a548-4875-8106-6331ccb50ce9,616
b4b5e6ea-cedd-403c-a050-5b408f17ba8a,1562
b4b5e6ea-cedd-403c-a050-5b408f17ba8a,1430
b4b5e6ea-cedd-403c-a050-5b408f17ba8a,1195
b4b5e6ea-cedd-403c-a050-5b408f17ba8a,1016
b4b5e6ea-cedd-403c-a050-5b408f17ba8a,1163
b4b5e6ea-cedd-403c-a050-5b408f17ba8a,78
b4b5e6ea-cedd-403c-a050-5b408f17ba8a,416
f4526bc1-4cd3-437f-ab5f-adaec45a80e5,1863
448682bc-8340-4612-959e-9d3198da6ff1,220
448682bc-8340-4612-959e-9d3198da6ff1,425
448682bc-8340-4612-959e-9d3198da6ff1,922
448682bc-8340-4612-959e-9d3198da6ff1,527
448682bc-8340-4612-959e-9d3198da6ff1,445
448682bc-8340-4612-959e-9d3198da6ff1,967
448682bc-8340-4612-959e-9d3198da6ff1,1098
a8d231d7-d5d7-4609-b5fe-5695167b2a66,264
9b86451c-1de3-4448-b8c2-a98bcf179e73,1463
30979fe6-4ad5-4795-ac9a-12f65abed189,1821
30979fe6-4ad5-4795-ac9a-12f65abed189,461
30979fe6-4ad5-4795-ac9a-12f65abed189,706
30979fe6-4ad5-4795-ac9a-12f65abed189,242
30979fe6-4ad5-4795-ac9a-12f65abed189,1308
30979fe6-4ad5-4795-ac9a-12f65abed189,1143
30979fe6-4ad5-4795-ac9a-12f65abed189,162
30979fe6-4ad5-4795-ac9a-12f65abed189,1941
57f47075-c30b-4681-9bbe-8c806a9aac57,799
57f47075-c30b-4681-9bbe-8c806a9aac57,594
57f47075-c30b-4681-9bbe-8c806a9aac57,1515
57f47075-c30b-4681-9bbe-8c806a9aac57,1310
159bb6e7-ae18-416a-bb29-d61defa8d165,428
159bb6e7-ae18-416a-bb29-d61defa8d165,879
159bb6e7-ae18-416a-bb29-d61defa8d165,478
159bb6e7-ae18-416a-bb29-d61defa8d165,1542
159bb6e7-ae18-416a-bb29-d61defa8d165,755
159bb6e7-ae18-416a-bb29-d61defa8d165,96
bd336991-80e7-41d1-92ee-adb265b08490,1078
bd336991-80e7-41d1-92ee-adb265b08490,1066
bd336991-80e7-41d1-92ee-adb265b08490,189
03b46f2b-9fab-4718-af83-a4c88c04f8a9,349
ef73e480-abe3-4f8b-877a-2698bd4de735,612
ef73e480-abe3-4f8b-877a-2698bd4de735,1124
ef73e480-abe3-4f8b-877a-2698bd4de735,935
ef73e480-abe3-4f8b-877a-2698bd4de735,553
ef73e480-abe3-4f8b-877a-2698bd4de735,1185
ef73e480-abe3-4f8b-877a-2698bd4de735,66
ef73e480-abe3-4f8b-877a-2698bd4de735,1513
ef73e480-abe3-4f8b-877a-2698bd4de735,33
ef73e480-abe3-4f8b-877a-2698bd4de735,819
ef73e480-abe3-4f8b-877a-2698bd4de735,1926
5efcf937-f505-4c3d-9572-40add8f7d395,1041
5efcf937-f505-4c3d-9572-40add8f7d395,1568
5efcf937-f505-4c3d-9572-40add8f7d395,1721
5efcf937-f505-4c3d-9572-40add8f7d395,1028
5efcf937-f505-4c3d-9572-40add8f7d395,930
fd69d0c0-9e5c-4419-a058-45462afa0ae9,1716
fd69d0c0-9e5c-4419-a058-45462afa0ae9,502
fd69d0c0-9e5c-4419-a058-45462afa0ae9,1529
fd69d0c0-9e5c-4419-a058-45462afa0ae9,621
fd69d0c0-9e5c-4419-a058-45462afa0ae9,85
ccd5902c-a8a4-4098-a3ca-cc3e2a872ffb,1956
ccd5902c-a8a4-4098-a3ca-cc3e2a872ffb,331
ccd5902c-a8a4-4098-a3ca-cc3e2a872ffb,854
ccd5902c-a8a4-4098-a3ca-cc3e2a872ffb,1003
ccd5902c-a8a4-4098-a3ca-cc3e2a872ffb,1620
ccd5902c-a8a4-4098-a3ca-cc3e2a872ffb,539
ccd5902c-a8a4-4098-a3ca-cc3e2a872ffb,970
ccd5902c-a8a4-4098-a3ca-cc3e2a872ffb,1241
259f16f3-6e0c-471c-8f31-7788c7c4fd9b,1448
259f16f3-6e0c-471c-8f31-7788c7c4fd9b,620
259f16f3-6e0c-471c-8f31-7788c7c4fd9b,1051
259f16f3-6e0c-471c-8f31-7788c7c4fd9b,163
259f16f3-6e0c-471c-8f31-7788c7c4fd9b,1148
259f16f3-6e0c-471c-8f31-7788c7c4fd9b,1142
259f16f3-6e0c-471c-8f31-7788c7c4fd9b,1939
259f16f3-6e0c-471c-8f31-7788c7c4fd9b,1159
09e4e454-cb09-49ea-acdb-cc7c39241192,1023
09e4e454-cb09-49ea-acdb-cc7c39241192,571
09e4e454-cb09-49ea-acdb-cc7c39241192,340
09e4e454-cb09-49ea-acdb-cc7c39241192,931
09e4e454-cb09-49ea-acdb-cc7c39241192,1041
3e63ba73-396e-4277-907f-6cb03bad80c8,1157
51f08af5-6d9f-43c2-a48b-f99ea25f819d,1512
51f08af5-6d9f-43c2-a48b-f99ea25f819d,935
51f08af5-6d9f-43c2-a48b-f99ea25f819d,723
51f08af5-6d9f-43c2-a48b-f99ea25f819d,1103
51f08af5-6d9f-43c2-a48b-f99ea25f819d,1676
51f08af5-6d9f-43c2-a48b-f99ea25f819d,121
51f08af5-6d9f-43c2-a48b-f99ea25f819d,857
51f08af5-6d9f-43c2-a48b-f99ea25f819d,319
51f08af5-6d9f-43c2-a48b-f99ea25f819d,803
51f08af5-6d9f-43c2-a48b-f99ea25f819d,790
1c9683f3-9c89-4a41-a8e9-8bca023a6bcc,538
1c9683f3-9c89-4a41-a8e9-8bca023a6bcc,1123
1c9683f3-9c89-4a41-a8e9-8bca023a6bcc,1566
1c9683f3-9c89-4a41-a8e9-8bca023a6bcc,900
1c9683f3-9c89-4a41-a8e9-8bca023a6bcc,41
1c9683f3-9c89-4a41-a8e9-8bca023a6bcc,1826
1c9683f3-9c89-4a41-a8e9-8bca023a6bcc,1822
1c9683f3-9c89-4a41-a8e9-8bca023a6bcc,25
1c9683f3-9c89-4a41-a8e9-8bca023a6bcc,1236
636d3ebe-2fa4-4e29-b6c0-3bb404fcb017,939
636d3ebe-2fa4-4e29-b6c0-3bb404fcb017,1736
636d3ebe-2fa4-4e29-b6c0-3bb404fcb017,1904
636d3ebe-2fa4-4e29-b6c0-3bb404fcb017,1802
636d3ebe-2fa4-4e29-b6c0-3bb404fcb017,1965
636d3ebe-2fa4-4e29-b6c0-3bb404fcb017,720
636d3ebe-2fa4-4e29-b6c0-3bb404fcb017,1339
636d3ebe-2fa4-4e29-b6c0-3bb404fcb017,601
4ab38adc-5863-4e20-a763-c28910a3f7f7,1687
4ab38adc-5863-4e20-a763-c28910a3f7f7,1670
4ab38adc-5863-4e20-a763-c28910a3f7f7,933
4ab38adc-5863-4e20-a763-c28910a3f7f7,1858
4ab38adc-5863-4e20-a763-c28910a3f7f7,1817
4ab38adc-5863-4e20-a763-c28910a3f7f7,263
4ab38adc-5863-4e20-a763-c28910a3f7f7,1801
4ab38adc-5863-4e20-a763-c28910a3f7f7,1621
4ab38adc-5863-4e20-a763-c28910a3f7f7,1378
4ab38adc-5863-4e20-a763-c28910a3f7f7,659
dcbd3cb6-496c-4ee4-9d4d-d3af56687ce9,343
dcbd3cb6-496c-4ee4-9d4d-d3af56687ce9,1405
dcbd3cb6-496c-4ee4-9d4d-d3af56687ce9,1337
dcbd3cb6-496c-4ee4-9d4d-d3af56687ce9,1515
dcbd3cb6-496c-4ee4-9d4d-d3af56687ce9,340
dcbd3cb6-496c-4ee4-9d4d-d3af56687ce9,1572
dcbd3cb6-496c-4ee4-9d4d-d3af56687ce9,858
dcbd3cb6-496c-4ee4-9d4d-d3af56687ce9,469
2511d962-b868-44bf-baac-1fbdd29da34f,1226
5e878848-e694-4ae5-be16-8f88334453b1,651
5e878848-e694-4ae5-be16-8f88334453b1,1499
5e878848-e694-4ae5-be16-8f88334453b1,1407
5e878848-e694-4ae5-be16-8f88334453b1,1608
5e878848-e694-4ae5-be16-8f88334453b1,957
5e878848-e694-4ae5-be16-8f88334453b1,1136
5e878848-e694-4ae5-be16-8f88334453b1,1089
5e878848-e694-4ae5-be16-8f88334453b1,874
2ed34eb3-d71a-43eb-874f-22917a8dd902,1859
2ed34eb3-d71a-43eb-874f-22917a8dd902,1408
2ed34eb3-d71a-43eb-874f-22917a8dd902,182
2ed34eb3-d71a-43eb-874f-22917a8dd902,187
2ed34eb3-d71a-43eb-874f-22917a8dd902,80
2ed34eb3-d71a-43eb-874f-22917a8dd902,649
b5d63e0b-c314-43fe-adfb-b3c80a5da72f,639
b5d63e0b-c314-43fe-adfb-b3c80a5da72f,879
b5d63e0b-c314-43fe-adfb-b3c80a5da72f,681
b5d63e0b-c314-43fe-adfb-b3c80a5da72f,1055
b5d63e0b-c314-43fe-adfb-b3c80a5da72f,16
b5d63e0b-c314-43fe-adfb-b3c80a5da72f,1507
b5d63e0b-c314-43fe-adfb-b3c80a5da72f,1784
253b1600-e73b-4c1b-a9fa-3093a57dafff,948
253b1600-e73b-4c1b-a9fa-3093a57dafff,470
9c86a258-dc6f-4aa0-94bf-b8545f8c9077,675
9c86a258-dc6f-4aa0-94bf-b8545f8c9077,86
9c86a258-dc6f-4aa0-94bf-b8545f8c9077,1098
ab6b4368-c2da-46b9-82c0-e44cc01d661a,164
ab6b4368-c2da-46b9-82c0-e44cc01d661a,427
ab6b4368-c2da-46b9-82c0-e44cc01d661a,941
ab6b4368-c2da-46b9-82c0-e44cc01d661a,1813
4bd25645-dd4a-4631-963c-715cb7935be7,977
4bd25645-dd4a-4631-963c-715cb7935be7,879
5a00f63c-93c4-484b-ab4e-bf6e63cba296,34
5a00f63c-93c4-484b-ab4e-bf6e63cba296,910
5a00f63c-93c4-484b-ab4e-bf6e63cba296,1236
5a00f63c-93c4-484b-ab4e-bf6e63cba296,1422
5a00f63c-93c4-484b-ab4e-bf6e63cba296,831
85e72f2b-eb07-4840-90be-0f8d1c934035,1036
85e72f2b-eb07-4840-90be-0f8d1c934035,1211
85e72f2b-eb07-4840-90be-0f8d1c934035,96
85e72f2b-eb07-4840-90be-0f8d1c934035,1625
87a8ab0f-304c-4508-a657-da1f8711f9d7,1899
87a8ab0f-304c-4508-a657-da1f8711f9d7,1034
87a8ab0f-304c-4508-a657-da1f8711f9d7,1575
87a8ab0f-304c-4508-a657-da1f8711f9d7,118
87a8ab0f-304c-4508-a657-da1f8711f9d7,1374
87a8ab0f-304c-4508-a657-da1f8711f9d7,1475
77f98de8-6c64-4b68-978f-d51b114848fb,1311
77f98de8-6c64-4b68-978f-d51b114848fb,496
77f98de8-6c64-4b68-978f-d51b114848fb,35
77f98de8-6c64-4b68-978f-d51b114848fb,1865
77f98de8-6c64-4b68-978f-d51b114848fb,234
77f98de8-6c64-4b68-978f-d51b114848fb,1152
77f98de8-6c64-4b68-978f-d51b114848fb,1014
3b95e1b9-8dab-468c-b614-e30ba470e2b3,377
3b95e1b9-8dab-468c-b614-e30ba470e2b3,1628
3b95e1b9-8dab-468c-b614-e30ba470e2b3,587
3b95e1b9-8dab-468c-b614-e30ba470e2b3,1905
3b95e1b9-8dab-468c-b614-e30ba470e2b3,720
3b95e1b9-8dab-468c-b614-e30ba470e2b3,905
3b95e1b9-8dab-468c-b614-e30ba470e2b3,1067
3b95e1b9-8dab-468c-b614-e30ba470e2b3,1490
3b95e1b9-8dab-468c-b614-e30ba470e2b3,1611
3b95e1b9-8dab-468c-b614-e30ba470e2b3,1488
1bc3ca14-7172-4c1e-ad1e-6cafe0660daa,1162
1bc3ca14-7172-4c1e-ad1e-6cafe0660daa,692
1bc3ca14-7172-4c1e-ad1e-6cafe0660daa,1175
1bc3ca14-7172-4c1e-ad1e-6cafe0660daa,1712
1bc3ca14-7172-4c1e-ad1e-6cafe0660daa,1120
1bc3ca14-7172-4c1e-ad1e-6cafe0660daa,680
1bc3ca14-7172-4c1e-ad1e-6cafe0660daa,589
1bc3ca14-7172-4c1e-ad1e-6cafe0660daa,1972
1bc3ca14-7172-4c1e-ad1e-6cafe0660daa,744
1d4907fa-3469-4d49-9660-f4bf29dfe8b8,1919
1d4907fa-3469-4d49-9660-f4bf29dfe8b8,964
1d4907fa-3469-4d49-9660-f4bf29dfe8b8,1767
1d4907fa-3469-4d49-9660-f4bf29dfe8b8,1498
5d2deea7-b609-4430-ad64-4c83a0606f2e,1170
5d2deea7-b609-4430-ad64-4c83a0606f2e,375
5d2deea7-b609-4430-ad64-4c83a0606f2e,1754
5d2deea7-b609-4430-ad64-4c83a0606f2e,152
5d2deea7-b609-4430-ad64-4c83a0606f2e,128
5d2deea7-b609-4430-ad64-4c83a0606f2e,1004
5d2deea7-b609-4430-ad64-4c83a0606f2e,1743
5d2deea7-b609-4430-ad64-4c83a0606f2e,356
5d2deea7-b609-4430-ad64-4c83a0606f2e,1808
5d2deea7-b609-4430-ad64-4c83a0606f2e,616
a6231a2b-84b5-4da6-ab79-d71dd743d5fe,965
f52ed5a8-1f56-484b-80fe-c4813fb4c1db,486
f52ed5a8-1f56-484b-80fe-c4813fb4c1db,1032
f52ed5a8-1f56-484b-80fe-c4813fb4c1db,1706
f52ed5a8-1f56-484b-80fe-c4813fb4c1db,777
f52ed5a8-1f56-484b-80fe-c4813fb4c1db,540
f52ed5a8-1f56-484b-80fe-c4813fb4c1db,722
c978f008-81fa-4703-af67-83bc2f76a832,300
c978f008-81fa-4703-af67-83bc2f76a832,538
c978f008-81fa-4703-af67-83bc2f76a832,237
c978f008-81fa-4703-af67-83bc2f76a832,682
c978f008-81fa-4703-af67-83bc2f76a832,1258
c978f008-81fa-4703-af67-83bc2f76a832,1129
c978f008-81fa-4703-af67-83bc2f76a832,590
c978f008-81fa-4703-af67-83bc2f76a832,906
c978f008-81fa-4703-af67-83bc2f76a832,1064
c519e87a-b1dc-492f-a718-566de8acd200,1213
c519e87a-b1dc-492f-a718-566de8acd200,1811
c519e87a-b1dc-492f-a718-566de8acd200,1959
c519e87a-b1dc-492f-a718-566de8acd200,1202
c519e87a-b1dc-492f-a718-566de8acd200,1950
c519e87a-b1dc-492f-a718-566de8acd200,841
c519e87a-b1dc-492f-a718-566de8acd200,1862
c519e87a-b1dc-492f-a718-566de8acd200,1792
a378db6f-a16c-4c36-af39-bc2e8f86a2da,1409
a378db6f-a16c-4c36-af39-bc2e8f86a2da,482
a378db6f-a16c-4c36-af39-bc2e8f86a2da,1906
a378db6f-a16c-4c36-af39-bc2e8f86a2da,334
a378db6f-a16c-4c36-af39-bc2e8f86a2da,1543
70a90f72-10b7-463c-8bda-5c61d9ebb9f9,260
70a90f72-10b7-463c-8bda-5c61d9ebb9f9,1474
70a90f72-10b7-463c-8bda-5c61d9ebb9f9,1094
70a90f72-10b7-463c-8bda-5c61d9ebb9f9,1465
70a90f72-10b7-463c-8bda-5c61d9ebb9f9,1127
ffb3fc1a-efed-4409-a2e2-7d35b200f257,661
ffb3fc1a-efed-4409-a2e2-7d35b200f257,625
ffb3fc1a-efed-4409-a2e2-7d35b200f257,665
ffb3fc1a-efed-4409-a2e2-7d35b200f257,1336
ffb3fc1a-efed-4409-a2e2-7d35b200f257,558
ee0122af-99fc-401d-aa63-07e936ff43ee,1600
ee0122af-99fc-401d-aa63-07e936ff43ee,1852
ee0122af-99fc-401d-aa63-07e936ff43ee,729
ee0122af-99fc-401d-aa63-07e936ff43ee,675
c738e0b5-bdd7-4b03-9026-e1c686c400b1,1335
c738e0b5-bdd7-4b03-9026-e1c686c400b1,1611
c738e0b5-bdd7-4b03-9026-e1c686c400b1,360
c738e0b5-bdd7-4b03-9026-e1c686c400b1,1079
c738e0b5-bdd7-4b03-9026-e1c686c400b1,338
e884fa51-3461-48af-a178-21285f1a6ed2,376
e884fa51-3461-48af-a178-21285f1a6ed2,709
e884fa51-3461-48af-a178-21285f1a6ed2,1240
e884fa51-3461-48af-a178-21285f1a6ed2,1182
c72d0c62-9c62-4eec-b012-ddb63adfdadd,745
c72d0c62-9c62-4eec-b012-ddb63adfdadd,1158
c72d0c62-9c62-4eec-b012-ddb63adfdadd,86
c72d0c62-9c62-4eec-b012-ddb63adfdadd,1174
9da5cde0-23d2-413c-bf10-214c649e4d4f,88
9da5cde0-23d2-413c-bf10-214c649e4d4f,588
0b6061f8-00fe-4431-a17a-b5fb3906ea27,876
0b6061f8-00fe-4431-a17a-b5fb3906ea27,1160
0b6061f8-00fe-4431-a17a-b5fb3906ea27,1391
0b6061f8-00fe-4431-a17a-b5fb3906ea27,1886
0b6061f8-00fe-4431-a17a-b5fb3906ea27,1463
90ad2fef-6f45-487d-b931-ac00429de9ad,1445
90ad2fef-6f45-487d-b931-ac00429de9ad,1434
90ad2fef-6f45-487d-b931-ac00429de9ad,1894
90ad2fef-6f45-487d-b931-ac00429de9ad,134
90ad2fef-6f45-487d-b931-ac00429de9ad,1442
0e821bc8-8116-41ab-b3d6-6d644996a8a8,391
0e821bc8-8116-41ab-b3d6-6d644996a8a8,496
0e821bc8-8116-41ab-b3d6-6d644996a8a8,393
f65c78da-6eca-4d41-9bd8-d67066952141,1
f65c78da-6eca-4d41-9bd8-d67066952141,1244
f65c78da-6eca-4d41-9bd8-d67066952141,675
f65c78da-6eca-4d41-9bd8-d67066952141,672
f65c78da-6eca-4d41-9bd8-d67066952141,1126
f65c78da-6eca-4d41-9bd8-d67066952141,1662
f65c78da-6eca-4d41-9bd8-d67066952141,1212
f65c78da-6eca-4d41-9bd8-d67066952141,1609
f65c78da-6eca-4d41-9bd8-d67066952141,1030
ec120b8b-e111-46c0-9089-1f2716a19f17,875
ec120b8b-e111-46c0-9089-1f2716a19f17,993
ec120b8b-e111-46c0-9089-1f2716a19f17,1781
ec120b8b-e111-46c0-9089-1f2716a19f17,1005
ec120b8b-e111-46c0-9089-1f2716a19f17,1784
ec120b8b-e111-46c0-9089-1f2716a19f17,384
ec120b8b-e111-46c0-9089-1f2716a19f17,1745
ec120b8b-e111-46c0-9089-1f2716a19f17,257
00027bb8-f4cb-434d-b09b-9d7d53bb8711,704
00027bb8-f4cb-434d-b09b-9d7d53bb8711,1009
00027bb8-f4cb-434d-b09b-9d7d53bb8711,31
00027bb8-f4cb-434d-b09b-9d7d53bb8711,1857
00027bb8-f4cb-434d-b09b-9d7d53bb8711,342
0e3e14b9-fc56-48fc-bb10-374b0ba7705e,1238
0e3e14b9-fc56-48fc-bb10-374b0ba7705e,811
0e3e14b9-fc56-48fc-bb10-374b0ba7705e,760
0e3e14b9-fc56-48fc-bb10-374b0ba7705e,1012
0e3e14b9-fc56-48fc-bb10-374b0ba7705e,352
840b0aee-4b15-45a9-a676-4b441c45148d,782
840b0aee-4b15-45a9-a676-4b441c45148d,800
840b0aee-4b15-45a9-a676-4b441c45148d,623
73a7caab-3254-45d4-8d17-dff96262fbdc,607
73a7caab-3254-45d4-8d17-dff96262fbdc,969
73a7caab-3254-45d4-8d17-dff96262fbdc,608
73a7caab-3254-45d4-8d17-dff96262fbdc,40
73a7caab-3254-45d4-8d17-dff96262fbdc,503
73a7caab-3254-45d4-8d17-dff96262fbdc,1257
73a7caab-3254-45d4-8d17-dff96262fbdc,920
73a7caab-3254-45d4-8d17-dff96262fbdc,292
73a7caab-3254-45d4-8d17-dff96262fbdc,814
73a7caab-3254-45d4-8d17-dff96262fbdc,288
bc1fa3df-9214-4cfa-bc13-7cc70b178b70,863
bc1fa3df-9214-4cfa-bc13-7cc70b178b70,1497
bc1fa3df-9214-4cfa-bc13-7cc70b178b70,238
bc1fa3df-9214-4cfa-bc13-7cc70b178b70,1402
bc1fa3df-9214-4cfa-bc13-7cc70b178b70,815
619a0e05-0608-46f8-b449-f9750a222be5,1873
619a0e05-0608-46f8-b449-f9750a222be5,160
619a0e05-0608-46f8-b449-f9750a222be5,198
619a0e05-0608-46f8-b449-f9750a222be5,812
619a0e05-0608-46f8-b449-f9750a222be5,103
619a0e05-0608-46f8-b449-f9750a222be5,407
619a0e05-0608-46f8-b449-f9750a222be5,1478
619a0e05-0608-46f8-b449-f9750a222be5,49
619a0e05-0608-46f8-b449-f9750a222be5,19
619a0e05-0608-46f8-b449-f9750a222be5,1282
56b3baa7-2b34-48e0-b266-e05a91fba005,1641
56b3baa7-2b34-48e0-b266-e05a91fba005,782
56b3baa7-2b34-48e0-b266-e05a91fba005,913
56b3baa7-2b34-48e0-b266-e05a91fba005,1058
56b3baa7-2b34-48e0-b266-e05a91fba005,1846
56b3baa7-2b34-48e0-b266-e05a91fba005,1877
56b3baa7-2b34-48e0-b266-e05a91fba005,259
75f231af-90ab-4949-a9d5-8e3da0453784,165
75f231af-90ab-4949-a9d5-8e3da0453784,547
75f231af-90ab-4949-a9d5-8e3da0453784,1427
75f231af-90ab-4949-a9d5-8e3da0453784,570
75f231af-90ab-4949-a9d5-8e3da0453784,839
cb33000a-afc2-434d-8ccb-1ab65738f125,590
cb33000a-afc2-434d-8ccb-1ab65738f125,353
cb33000a-afc2-434d-8ccb-1ab65738f125,1602
ad24dc63-dbc4-448f-9c06-e63a70b07ad1,578
ad24dc63-dbc4-448f-9c06-e63a70b07ad1,18
ad24dc63-dbc4-448f-9c06-e63a70b07ad1,1381
ba6002f6-a7cd-4df6-8fd2-7d69ce1e0ba5,539
ba6002f6-a7cd-4df6-8fd2-7d69ce1e0ba5,1847
ba6002f6-a7cd-4df6-8fd2-7d69ce1e0ba5,192
ba6002f6-a7cd-4df6-8fd2-7d69ce1e0ba5,925
ba6002f6-a7cd-4df6-8fd2-7d69ce1e0ba5,1182
ba6002f6-a7cd-4df6-8fd2-7d69ce1e0ba5,924
ba6002f6-a7cd-4df6-8fd2-7d69ce1e0ba5,692
74665ab3-7214-49c9-ad66-f3b3253261e8,1801
74665ab3-7214-49c9-ad66-f3b3253261e8,514
74665ab3-7214-49c9-ad66-f3b3253261e8,1674
74665ab3-7214-49c9-ad66-f3b3253261e8,1270
74665ab3-7214-49c9-ad66-f3b3253261e8,1629
e02d2bd4-6453-46f1-906f-faf9581dd345,1490
e02d2bd4-6453-46f1-906f-faf9581dd345,1779
e02d2bd4-6453-46f1-906f-faf9581dd345,272
c95dcee9-0e80-4049-8d3c-5c2e47cbedec,1330
c95dcee9-0e80-4049-8d3c-5c2e47cbedec,1555
c95dcee9-0e80-4049-8d3c-5c2e47cbedec,576
c95dcee9-0e80-4049-8d3c-5c2e47cbedec,1165
c95dcee9-0e80-4049-8d3c-5c2e47cbedec,1533
85b00e3a-9968-43f6-938a-c33bc0e3048e,906
5fd3916c-ac42-4d2e-9d78-8437fda436c0,3
5fd3916c-ac42-4d2e-9d78-8437fda436c0,1486
5fd3916c-ac42-4d2e-9d78-8437fda436c0,436
5fd3916c-ac42-4d2e-9d78-8437fda436c0,1473
5fd3916c-ac42-4d2e-9d78-8437fda436c0,640
5fd3916c-ac42-4d2e-9d78-8437fda436c0,447
5fd3916c-ac42-4d2e-9d78-8437fda436c0,927
5fd3916c-ac42-4d2e-9d78-8437fda436c0,1851
f4041bba-c1ff-4073-8cc3-e188ae7c33d7,1066
f4041bba-c1ff-4073-8cc3-e188ae7c33d7,1028
f4041bba-c1ff-4073-8cc3-e188ae7c33d7,1282
f4041bba-c1ff-4073-8cc3-e188ae7c33d7,409
f4041bba-c1ff-4073-8cc3-e188ae7c33d7,1724
f4041bba-c1ff-4073-8cc3-e188ae7c33d7,282
f4041bba-c1ff-4073-8cc3-e188ae7c33d7,330
f4041bba-c1ff-4073-8cc3-e188ae7c33d7,1512
f4041bba-c1ff-4073-8cc3-e188ae7c33d7,1554
f4041bba-c1ff-4073-8cc3-e188ae7c33d7,985
abdd91f4-e0ea-4953-a94e-bcd4843ee067,1001
abdd91f4-e0ea-4953-a94e-bcd4843ee067,1217
abdd91f4-e0ea-4953-a94e-bcd4843ee067,853
abdd91f4-e0ea-4953-a94e-bcd4843ee067,806
abdd91f4-e0ea-4953-a94e-bcd4843ee067,678
abdd91f4-e0ea-4953-a94e-bcd4843ee067,799
abdd91f4-e0ea-4953-a94e-bcd4843ee067,293
fc345577-4f44-4502-83ef-72721a711380,1472
fc345577-4f44-4502-83ef-72721a711380,281
fc345577-4f44-4502-83ef-72721a711380,660
fc345577-4f44-4502-83ef-72721a711380,2
fc345577-4f44-4502-83ef-72721a711380,1179
fc345577-4f44-4502-83ef-72721a711380,1101
bfecda60-1239-4c97-9eb6-2cf00a135d26,163
bfecda60-1239-4c97-9eb6-2cf00a135d26,1467
bfecda60-1239-4c97-9eb6-2cf00a135d26,269
bfecda60-1239-4c97-9eb6-2cf00a135d26,826
bfecda60-1239-4c97-9eb6-2cf00a135d26,1664
bfecda60-1239-4c97-9eb6-2cf00a135d26,1752
bfecda60-1239-4c97-9eb6-2cf00a135d26,1101
3ccd7b1e-fd8c-48fa-8dfb-3928506ac036,1831
3ccd7b1e-fd8c-48fa-8dfb-3928506ac036,497
3ccd7b1e-fd8c-48fa-8dfb-3928506ac036,1531
3ccd7b1e-fd8c-48fa-8dfb-3928506ac036,112
3ccd7b1e-fd8c-48fa-8dfb-3928506ac036,1393
3ccd7b1e-fd8c-48fa-8dfb-3928506ac036,428
